observed_at,health_http_200,direct_api_ms,overview_api_ms,system_api_ms,ledger_api_ms,processor_healthy,heartbeat_healthy,progress_healthy,progress_age_ms,lifecycle_cycle_count,errors_last_5m,direct_open,direct_closed,direct_pnl_usdt,direct_classic_pf,app_rss_mb,heap_mb,redis_rps,redis_keys
2026-08-26T23:30:06.024Z,true,40.4,90.6,117.9,88.6,true,true,true,575,1904,0,2,5,-0.210136,0.102,854.9,365,422,135247
2026-08-26T23:30:20.864Z,true,18.9,53.3,55.2,,true,true,true,659,1946,0,2,5,-0.210136,0.102,889.8,380,3430,135244
2026-08-26T23:30:35.567Z,true,18.4,45.7,19.2,,true,true,true,211,1989,0,2,5,-0.210136,0.102,920.1,399,163,135244
2026-08-26T23:30:50.584Z,true,17.1,52.7,53.3,,true,true,true,2935,2025,0,2,5,-0.210136,0.102,883.2,378,4227,135606
2026-08-26T23:31:05.799Z,true,112.2,217.2,231.1,108.7,true,true,true,1724,2060,0,2,5,-0.210136,0.102,896.7,359,1280,135610
2026-08-26T23:31:20.748Z,true,17.8,54.8,55.2,,true,true,true,1150,2102,0,2,5,-0.210136,0.102,896.3,348,167,135614
2026-08-26T23:31:36.266Z,true,17.2,52.2,19.6,,true,true,true,1776,2146,0,2,5,-0.210136,0.102,976.9,393,1275,135612
2026-08-26T23:31:51.003Z,true,17.8,62.9,63.6,,true,true,true,1684,2189,0,2,5,-0.210136,0.102,935.6,423,285,135614
2026-08-26T23:32:06.025Z,true,30.4,103.5,104.1,101.1,true,true,true,1557,2220,0,2,5,-0.210136,0.102,964.1,413,737,135612
2026-08-26T23:32:21.036Z,true,17.3,57.1,57.3,,true,true,true,1421,2262,0,2,5,-0.210136,0.102,998.9,508,335,135615
2026-08-26T23:32:35.962Z,true,17.7,47.8,19.3,,true,true,true,1634,2303,0,2,5,-0.210136,0.102,1030.6,551,2969,135609
2026-08-26T23:32:51.051Z,true,19,52.4,52.4,,true,true,true,1343,2346,0,2,5,-0.210136,0.102,1052.7,385,1209,135613
2026-08-26T23:33:06.050Z,true,30.4,104.4,114.9,90.6,true,true,true,1534,2376,0,2,5,-0.210136,0.102,1042.6,406,406,135612
2026-08-26T23:33:20.980Z,true,16.9,52.2,56.3,,true,true,true,3275,2403,0,1,7,-0.471632,0.317,1107,460,536,135617
2026-08-26T23:33:35.970Z,true,16.7,44.9,17.3,,true,true,true,2137,2444,0,1,7,-0.471632,0.317,1047.7,485,269,135618
2026-08-26T23:33:50.975Z,true,17.8,42.6,18.4,,true,true,true,2263,2488,0,1,7,-0.471632,0.317,1048.6,487,659,135620
2026-08-26T23:34:06.055Z,true,41.9,120,122.8,117.5,true,true,true,4026,2523,0,1,7,-0.471632,0.317,1053.8,529,364,135621
2026-08-26T23:34:20.999Z,true,18.8,56.4,56.8,,true,true,true,2409,2551,0,2,7,-0.471632,0.317,1063,454,675,135623
2026-08-26T23:34:36.000Z,true,17.7,49.6,18.7,,true,true,true,2064,2592,0,2,7,-0.471632,0.317,1101.4,510,311,135621
2026-08-26T23:34:51.045Z,true,17.8,44.5,45.6,,true,true,true,1977,2634,0,2,7,-0.471632,0.317,1100.2,561,3733,135622
2026-08-26T23:35:06.129Z,true,47.9,102.5,109.5,91.5,true,true,true,1937,2676,0,2,7,-0.471632,0.317,1103.2,554,160,135622
2026-08-26T23:35:21.066Z,true,17.1,48.6,50.5,,true,true,true,2426,2698,0,2,7,-0.471632,0.317,1129.2,799,281,135624
2026-08-26T23:35:36.090Z,true,17.8,50.7,51.1,,true,true,true,2392,2739,0,2,7,-0.471632,0.317,1261.2,803,228,135635
2026-08-26T23:35:51.067Z,true,17.7,44.3,61.4,,true,true,true,1881,2772,0,2,9,-0.541761,0.288,1319,810,156,135646
2026-08-26T23:36:06.107Z,true,47.2,112.7,123.1,94.8,true,true,true,1848,2813,0,2,9,-0.541761,0.288,1356.5,345,416,135645
2026-08-26T23:36:21.159Z,true,17.5,43.4,44.6,,true,true,true,9075,2829,0,3,9,-0.541761,0.288,906.5,620,1978,135647
2026-08-26T23:36:36.044Z,true,19.6,49.9,20.7,,true,true,true,2450,2858,0,4,9,-0.541761,0.288,1195.8,719,592,135648
2026-08-26T23:36:51.037Z,true,17.6,49.8,50,,true,true,true,2166,2899,0,4,9,-0.541761,0.288,1233.6,686,37,135653
2026-08-26T23:37:06.144Z,true,31.2,111,157.8,99.2,true,true,true,2160,2943,0,4,9,-0.541761,0.288,1291.5,750,387,135652
2026-08-26T23:37:21.096Z,true,21.3,58.9,59.4,,true,true,true,6239,2971,0,4,9,-0.541761,0.288,1311.9,393,1101,135684
2026-08-26T23:37:36.197Z,true,17.6,45,18.6,,true,true,true,464,3012,0,4,9,-0.541761,0.288,1339.7,596,202,135680
2026-08-26T23:37:51.142Z,true,16.3,45.5,46.4,,true,true,true,626,3054,0,4,9,-0.541761,0.288,1352.6,549,767,135843
2026-08-26T23:38:06.155Z,true,31.7,91.2,111.5,89.1,true,true,true,912,3096,0,4,9,-0.541761,0.288,1353.7,598,306,135874
2026-08-26T23:38:21.154Z,true,18.7,65.6,65.7,,true,true,true,1029,3133,0,4,9,-0.541761,0.288,1353.9,457,1149,135893
2026-08-26T23:38:36.082Z,true,24.3,54.2,33.8,,true,true,true,2350,3155,0,4,9,-0.541761,0.288,1343.3,494,204,135917
2026-08-26T23:38:51.305Z,true,16.8,43.6,42.6,,true,true,true,438,3200,0,4,9,-0.541761,0.288,1356.8,539,293,135933
2026-08-26T23:39:06.118Z,true,33.5,104.5,104.9,101.6,true,true,true,177,3244,0,4,9,-0.541761,0.288,1357.8,584,185,135929
2026-08-26T23:39:21.103Z,true,18.5,54.5,54.7,,true,true,true,1965,3278,0,4,9,-0.541761,0.288,1359,386,141,135928
2026-08-26T23:39:36.122Z,true,17.8,52.6,18.6,,true,true,true,1935,3302,0,4,9,-0.541761,0.288,1347.5,452,444,135928
2026-08-26T23:39:51.102Z,true,20,49.2,49.4,,true,true,true,2271,3343,0,4,9,-0.541761,0.288,1333.6,506,122,135933
2026-08-26T23:40:06.165Z,true,31.2,94.8,96.6,92.3,true,true,true,158,3391,0,4,9,-0.541761,0.288,1336.3,544,2910,135928
2026-08-26T23:40:21.132Z,true,17.5,51.9,52.2,,true,true,true,1902,3425,0,4,9,-0.541761,0.288,1337.2,641,281,135929
2026-08-26T23:40:36.120Z,true,18.1,46.6,19.7,,true,true,true,5244,3452,0,4,9,-0.541761,0.288,1375.6,759,407,135933
2026-08-26T23:40:51.122Z,true,16.7,43.1,44.3,,true,true,true,2317,3481,0,5,9,-0.541761,0.288,1425.3,843,432,135932
2026-08-26T23:41:06.282Z,true,61.6,168.6,217.7,111.1,true,true,true,1107,3522,0,6,9,-0.541761,0.288,1424.8,350,392,135934
2026-08-26T23:41:21.137Z,true,19.1,56.8,62.1,,true,true,true,933,3563,0,6,9,-0.541761,0.288,843.6,348,413,135936
2026-08-26T23:41:36.650Z,true,18.7,56,20.2,,true,true,true,3446,3597,0,6,9,-0.541761,0.288,1010.8,361,207,135931
2026-08-26T23:41:51.245Z,true,19.7,55.3,55.7,,true,true,true,1927,3621,0,6,9,-0.541761,0.288,1010,424,107,135937
2026-08-26T23:42:06.244Z,true,39,95.4,100.8,92.8,true,true,true,1898,3662,0,6,9,-0.541761,0.288,1021.8,439,238,135934
2026-08-26T23:42:21.221Z,true,21.6,62.6,63.2,,true,true,true,2155,3699,0,6,9,-0.541761,0.288,955.1,399,190,135932
2026-08-26T23:42:36.205Z,true,17.7,53.9,54.1,,true,true,true,1997,3740,0,6,9,-0.541761,0.288,1003.2,370,267,135932
2026-08-26T23:42:51.220Z,true,17.2,56.9,58.4,,true,true,true,1378,3763,0,6,9,-0.541761,0.288,1001.2,424,338,135936
2026-08-26T23:43:06.309Z,true,31.9,105.5,115.5,94.7,true,true,true,2081,3802,0,6,9,-0.541761,0.288,991.5,399,420,135936
2026-08-26T23:43:21.380Z,true,17.6,54.3,55.8,,true,true,true,2031,3843,0,6,9,-0.541761,0.288,963.8,365,230,135936
2026-08-26T23:43:36.407Z,true,19.2,53.8,61.2,,true,true,true,1773,3881,0,6,9,-0.541761,0.288,1004,324,268,135934
2026-08-26T23:43:51.376Z,true,17.8,54.2,53.1,,true,true,true,6734,3907,0,6,9,-0.541761,0.288,1004.1,397,255,135937
2026-08-26T23:44:06.891Z,true,50.2,126.1,139.9,94.3,true,true,true,1118,3952,0,5,10,-0.492412,0.353,1030.6,433,418,135939
2026-08-26T23:44:21.522Z,true,20.1,56.8,57.4,,true,true,true,979,3988,0,6,10,-0.492412,0.353,959.7,378,139,135939
2026-08-26T23:44:36.403Z,true,18.2,53.3,55.2,,true,true,true,587,4029,0,6,10,-0.492412,0.353,1002.7,337,187,135939
2026-08-26T23:44:51.434Z,true,18.7,43.8,47.3,,true,true,true,2842,4062,0,6,10,-0.492412,0.353,1005,349,1341,135942
2026-08-26T23:45:06.462Z,true,32.2,139.8,154.4,97.6,true,true,true,1607,4089,0,5,11,-0.605503,0.307,964.8,437,3630,135941
2026-08-26T23:45:21.361Z,true,17.4,46.6,46.6,,true,true,true,923,4119,0,7,11,-0.605503,0.307,964.5,460,562,135943
2026-08-26T23:45:36.648Z,true,18.5,184.3,184.7,,true,true,true,1700,4152,0,6,12,-0.607419,0.306,978.9,394,159,135948
2026-08-26T23:45:51.388Z,true,16.8,56.2,56.5,,true,true,true,949,4190,0,6,12,-0.607419,0.306,1005.1,470,2863,135946
2026-08-26T23:46:06.718Z,true,32.5,108,118.2,97.5,true,true,true,1272,4210,0,5,13,-0.53427,0.39,1031.6,493,3071,135948
2026-08-26T23:46:21.443Z,true,17.3,50.4,50.6,,true,true,true,2802,4240,0,7,13,-0.53427,0.39,1034.4,392,576,135954
2026-08-26T23:46:36.402Z,true,19.7,44,44.6,,true,true,true,721,4279,0,7,13,-0.53427,0.39,979.3,425,2813,135949
2026-08-26T23:46:51.568Z,true,17.8,56,22.7,,true,true,true,2469,4313,0,7,13,-0.53427,0.39,989,439,170,135954
2026-08-26T23:47:06.609Z,true,44.2,150.5,161.1,95,true,true,true,8655,4335,0,7,13,-0.53427,0.39,1045.2,334,506,135956
2026-08-26T23:47:21.462Z,true,20.8,59.4,60.2,,true,true,true,411,4358,0,7,13,-0.53427,0.39,1024.7,440,103,135956
2026-08-26T23:47:36.456Z,true,19.1,55.5,56.5,,true,true,true,2289,4390,0,7,13,-0.53427,0.39,1048.4,476,271,135957
2026-08-26T23:47:51.489Z,true,18.5,83.3,42.1,,true,true,true,726,4426,0,7,14,-0.604852,0.361,1005.1,386,203,135960
2026-08-26T23:48:06.559Z,true,31.2,97.4,107.1,90.8,true,true,true,936,4457,0,6,16,-0.628238,0.372,1050.2,502,487,135963
2026-08-26T23:48:21.523Z,true,20.7,62,64,,true,true,true,2234,4467,0,6,16,-0.628238,0.372,984.9,473,139,135968
2026-08-26T23:48:36.510Z,true,19.1,47.6,47.8,,true,true,true,1498,4505,0,6,16,-0.628238,0.372,1050,439,154,135966
2026-08-26T23:48:51.540Z,true,18.6,53.4,19.8,,true,true,true,2517,4540,0,7,16,-0.628238,0.372,985.7,334,451,135970
2026-08-26T23:49:06.597Z,true,50,105.8,104.6,94.2,true,true,true,888,4579,0,7,16,-0.628238,0.372,986.2,410,587,135969
2026-08-26T23:49:21.540Z,true,19.1,60,60.9,,true,true,true,1272,4604,0,7,16,-0.628238,0.372,984,498,3398,135967
2026-08-26T23:49:36.510Z,true,18.3,50.3,51.1,,true,true,true,502,4643,0,7,16,-0.628238,0.372,1076.3,546,68,135971
2026-08-26T23:49:51.487Z,true,18.9,51.9,20.3,,true,true,true,2240,4676,0,7,16,-0.628238,0.372,1041.4,414,452,135968
2026-08-26T23:50:07.083Z,true,528.1,598.8,613.9,585.8,true,true,true,14770,4682,0,5,18,-0.615955,0.405,1057.2,463,225,135977
2026-08-26T23:50:21.523Z,true,18.5,63.7,65.5,,false,true,false,29245,4682,0,5,18,-0.615955,0.405,1112.2,583,141,135987
2026-08-26T23:50:37.439Z,true,481.6,512.5,513.1,,false,true,false,45177,4682,0,5,18,-0.615955,0.405,1251.5,1093,252,135999
2026-08-26T23:50:52.330Z,true,506.8,546.2,514.5,,false,true,false,60060,4682,0,5,18,-0.615955,0.405,1630.2,780,172,136022
2026-08-26T23:51:08.038Z,true,881.8,975,987.1,950.2,true,true,true,1437,11,11,0,0,0,,1497.4,916,414,136027
2026-08-26T23:51:21.638Z,true,28.9,58.7,59.6,,true,true,true,822,45,45,0,0,0,,1511.4,975,1378,136044
2026-08-26T23:51:36.615Z,true,17.1,51.2,52.5,,true,true,true,612,85,85,0,0,0,,1560.2,727,2822,136060
2026-08-26T23:51:51.701Z,true,16.5,43.1,17.3,,true,true,true,1358,124,124,0,0,0,,1563.9,1087,128,136075
2026-08-26T23:52:06.907Z,true,43.4,106.5,136.2,94.9,true,true,true,9904,142,142,0,0,0,,1647.3,454,655,135991
2026-08-26T23:52:21.718Z,true,16.7,47.4,48.6,,false,true,false,24775,142,142,0,0,0,,1649.8,1043,37,135997
2026-08-26T23:52:37.255Z,true,676.8,700.8,701.8,,false,true,false,40318,142,142,0,0,0,,1764.9,1252,1369,136018
2026-08-26T23:52:51.611Z,true,23.5,56.4,57.5,,false,true,false,54666,142,142,0,0,0,,1805.5,753,1513,136031
2026-08-26T23:53:06.965Z,true,259.1,337,353.1,329.2,true,true,true,2588,0,0,0,0,0,,1777,517,335,136044
2026-08-26T23:53:21.796Z,true,15.2,44.9,46.1,,true,true,true,856,41,41,0,0,0,,1739.5,1330,63,136058
2026-08-26T23:53:37.304Z,true,385.1,664,666.7,,true,true,true,3569,71,71,0,0,0,,1890.3,735,2204,136075
2026-08-26T23:53:52.029Z,true,16,63.1,65,,true,true,true,1749,112,112,0,0,0,,2424.6,476,2213,136088
2026-08-26T23:54:06.817Z,true,71.8,169.6,136.4,134.9,true,true,true,7180,136,136,0,0,0,,2385.2,424,688,135999
2026-08-26T23:54:22.223Z,true,429.9,512.2,474.1,,false,true,false,20720,140,140,0,0,0,,2264.3,1322,1415,136009
2026-08-26T23:54:36.952Z,true,15.6,46.2,16.4,,false,true,false,35502,140,140,0,0,0,,2332.7,1392,823,136019
2026-08-26T23:54:52.363Z,true,508.4,542.5,543,,false,true,false,50908,140,140,0,0,0,,2387.7,668,406,136038
2026-08-26T23:55:06.807Z,true,30.9,112,86.1,84.5,true,true,true,564,0,0,0,0,0,,2374.1,440,920,136045
2026-08-26T23:55:22.374Z,true,19,74,26.8,,true,true,true,1697,34,34,0,0,0,,2309.2,593,1107,136062
2026-08-26T23:55:37.449Z,true,529.7,563.2,567.1,,true,true,true,758,77,77,0,0,0,,2356,914,673,136075
2026-08-26T23:55:52.081Z,true,19,49,50.2,,true,true,true,187,117,117,0,0,0,,2461.4,757,768,136091
2026-08-26T23:56:07.263Z,true,274.5,391.7,341.3,339.7,true,true,true,4637,147,147,0,0,0,,2409,559,652,136109
2026-08-26T23:56:22.263Z,true,392.7,458.8,457.5,,true,true,true,18309,152,152,0,0,0,,2483.6,799,350,136020
2026-08-26T23:56:36.922Z,true,18.3,47.5,18.8,,false,true,false,33006,152,152,0,0,0,,2518.8,667,445,136037
2026-08-26T23:56:51.913Z,true,16.2,49.4,50.6,,false,true,false,47993,152,152,0,0,0,,2382.9,794,614,136052
2026-08-26T23:57:07.774Z,true,669.4,759.7,768.4,734.3,false,true,false,63791,152,152,0,0,0,,2554.4,1141,778,136064
2026-08-26T23:57:22.505Z,true,604.9,643.4,610.1,,true,true,true,1655,5,5,0,0,0,,2557.4,751,308,136072
2026-08-26T23:57:37.488Z,true,617.8,655.6,655.8,,true,true,true,3210,40,40,0,0,0,,2339.8,766,138,136087
2026-08-26T23:57:52.375Z,true,451.5,496.1,498.5,,true,true,true,2224,83,83,0,0,0,,2520.5,774,103,136107
2026-08-26T23:58:08.117Z,true,626.5,689.5,688.3,683.3,true,true,true,1407,127,127,0,0,0,,2481.5,1164,226,136121
2026-08-26T23:58:22.149Z,true,38.7,73.2,73.3,,true,true,true,6487,152,152,0,0,0,,2289,460,390,136032
2026-08-26T23:58:36.982Z,true,16.4,54.3,59,,false,true,false,21251,153,153,0,0,0,,2303.4,938,110,136037
2026-08-26T23:58:53.018Z,true,327.9,364.6,366,,false,true,false,37291,153,153,0,0,0,,2399.1,714,231,136052
2026-08-26T23:59:07.600Z,true,426.3,502.4,513.8,482.9,false,true,false,51823,153,153,0,0,0,,2449.2,1060,132,136064
2026-08-26T23:59:22.325Z,true,260.9,293.8,294.7,,true,true,true,2637,0,0,0,0,0,,2264.2,540,125,136075
2026-08-26T23:59:37.266Z,true,16.1,58.7,61.3,,true,true,true,746,44,44,0,0,0,,2361.9,773,333,136087
2026-08-26T23:59:52.358Z,true,16.8,52.2,52.3,,true,true,true,2648,81,81,0,0,0,,2483.3,1231,189,136108
2026-08-27T00:00:07.490Z,true,51.4,310.7,328.9,87.2,true,true,true,973,124,124,0,0,0,,2558.7,405,181,136116
2026-08-27T00:00:22.349Z,true,28.6,168.2,169.3,,true,true,true,6084,149,149,0,0,0,,2264.8,424,907,136127
2026-08-27T00:00:37.915Z,true,388.7,444.9,447.1,,true,true,true,6898,161,161,0,0,0,,2337.8,622,274,136033
2026-08-27T00:00:52.562Z,true,232.2,261.5,267.3,,false,true,false,21568,161,161,0,0,0,,2427.8,1036,104,136049
2026-08-27T00:01:07.293Z,true,38.8,117,127.6,95.9,false,true,false,36243,161,161,0,0,0,,2574.2,697,749,136059
2026-08-27T00:01:22.886Z,true,677.2,715.2,683,,false,true,false,51891,161,161,0,0,0,,2421.3,1279,275,136074
2026-08-27T00:01:38.168Z,true,448.7,502.6,514.3,,true,true,true,1953,13,13,0,0,0,,2510.4,614,190,136082
2026-08-27T00:01:52.544Z,true,236.7,272.6,273.2,,true,true,true,2387,49,49,0,0,0,,2394.5,749,252,136094
2026-08-27T00:02:08.306Z,true,592.6,658.4,675.5,641.1,true,true,true,1963,94,94,0,0,0,,2356.1,1004,285,136108
2026-08-27T00:02:22.528Z,true,19,61.4,20,,true,true,true,1927,131,131,0,0,0,,2283.8,901,219,136116
2026-08-27T00:02:37.363Z,true,18.4,58.2,59.5,,true,true,true,5781,159,159,0,0,0,,2367.6,388,164,136028
2026-08-27T00:02:52.342Z,true,18.9,61.2,62.9,,false,true,false,20757,159,159,0,0,0,,2297.5,477,2502,136037
2026-08-27T00:03:08.089Z,true,407.5,506.9,519.2,483,false,true,false,36437,159,159,0,0,0,,2258.7,787,357,136049
2026-08-27T00:03:22.832Z,true,56,352.6,310.9,,false,true,false,50995,159,159,0,0,0,,2406,843,341,136063
2026-08-27T00:03:37.954Z,true,567.2,598.4,598.8,,true,true,true,2305,13,13,0,0,0,,2382.3,696,276,136073
2026-08-27T00:03:52.541Z,true,17.3,58.7,72.6,,true,true,true,801,56,56,0,0,0,,2421.2,827,212,136084
2026-08-27T00:04:07.788Z,true,233.7,293.4,318.4,283.7,true,true,true,2934,94,94,0,0,0,,2407,1152,348,136095
2026-08-27T00:04:22.387Z,true,16.1,42.8,45.2,,true,true,true,398,139,139,0,0,0,,2456.5,1662,104,136108
2026-08-27T00:04:38.138Z,true,555.4,591.9,592.6,,true,true,true,9281,158,158,0,0,0,,2260,578,107,136119
2026-08-27T00:04:52.436Z,true,16.6,59,60.8,,false,true,false,21845,164,164,0,0,0,,2402.3,935,141,136035
2026-08-27T00:05:07.512Z,true,29.7,99.9,111,81.6,false,true,false,36886,164,164,0,0,0,,2328.9,571,323,136046
2026-08-27T00:05:22.616Z,true,18.7,44.8,46.2,,false,true,false,52040,164,164,0,0,0,,2379.9,1151,44,136058
2026-08-27T00:05:37.919Z,true,486.6,527.4,529.7,,true,true,true,1702,0,0,0,0,0,,2470.4,586,33,136074
2026-08-27T00:05:53.060Z,true,476.6,517.9,518.8,,true,true,true,1086,43,43,0,0,0,,2333.4,768,296,136087
2026-08-27T00:06:07.856Z,true,364.5,450,473.6,430.3,true,true,true,1885,80,80,0,0,0,,2427.9,1123,375,136101
2026-08-27T00:06:22.677Z,true,240.1,276.5,288.1,,true,true,true,1541,115,115,0,0,0,,2357.4,1561,289,136112
2026-08-27T00:06:38.112Z,true,663.3,701,708.1,,true,true,true,7411,140,140,0,0,0,,2490.4,424,86,136122
2026-08-27T00:06:53.013Z,true,124.5,169.4,168,,true,true,true,6180,152,152,0,0,0,,2394.2,818,98,136038
2026-08-27T00:07:08.225Z,true,471.5,589,599.4,550.9,false,true,false,21308,152,152,0,0,0,,2492,729,264,136049
2026-08-27T00:07:23.079Z,true,561.6,602.1,602.6,,false,true,false,36252,152,152,0,0,0,,2396.4,894,4469,136066
2026-08-27T00:07:38.375Z,true,555.1,613.5,614.5,,true,true,true,1623,0,0,0,0,0,,2419.6,585,2890,136079
2026-08-27T00:07:52.948Z,true,422.4,464.8,465.1,,true,true,true,2046,38,38,0,0,0,,2445.2,959,201,136092
2026-08-27T00:08:07.694Z,true,177.7,248.4,258.3,234.9,true,true,true,3050,75,75,0,0,0,,2481.1,662,301,136104
2026-08-27T00:08:23.199Z,true,554.5,596.2,597.5,,true,true,true,2946,114,114,0,0,0,,2445.7,816,3199,136114
2026-08-27T00:08:37.485Z,true,16.1,52.6,55.9,,true,true,true,5049,147,147,0,0,0,,2395.5,1277,3521,136126
2026-08-27T00:08:53.739Z,true,46.2,90.9,98.6,,true,true,true,1114,167,167,0,0,0,,2261.2,1077,1368,136045
2026-08-27T00:09:08.573Z,true,91.6,125.8,138,88.2,true,true,true,15919,167,167,0,0,0,,2440.6,529,2106,136053
2026-08-27T00:09:23.074Z,true,18,44.2,45.5,,false,true,false,30476,167,167,0,0,0,,2327.6,1030,123,136065
2026-08-27T00:09:38.582Z,true,514.8,539.8,541.2,,false,false,false,45984,167,167,0,0,0,,2393.3,1500,87,136077
2026-08-27T00:09:53.087Z,true,17.6,51,53.5,,true,true,true,756,21,21,0,0,0,,2284.3,1044,4656,136094
2026-08-27T00:10:09.969Z,true,704.1,797.7,806.1,770.2,true,true,true,2913,57,57,0,0,0,,2311.6,656,3789,136105
2026-08-27T00:10:23.589Z,true,17,54.9,58.6,,true,true,true,2745,94,94,0,0,0,,2405.1,830,3591,136118
2026-08-27T00:10:38.401Z,true,16.3,49.7,17,,true,true,true,1853,136,136,0,0,0,,2449.1,1200,1305,136133
2026-08-27T00:10:53.917Z,true,430,469.4,469.9,,true,true,true,1383,154,154,0,0,0,,2456.5,646,161,136145
2026-08-27T00:11:08.925Z,true,29.5,100.7,129.6,91.8,true,true,true,11848,166,166,0,0,0,,2426.9,730,224,136057
2026-08-27T00:11:23.445Z,true,16.6,45.8,51.1,,false,true,false,26431,166,166,0,0,0,,2324.3,1285,2261,136068
2026-08-27T00:11:41.674Z,true,17.1,49.2,50.5,,false,true,false,44661,166,166,0,0,0,,2482.7,474,3084,136082
2026-08-27T00:11:54.013Z,true,519.5,560.4,559.3,,true,true,true,1142,13,13,0,0,0,,2311.7,655,5035,136089
2026-08-27T00:12:09.084Z,true,170.6,266.9,278.8,246.3,true,true,true,2357,49,49,0,0,0,,2379.8,813,4110,136102
2026-08-27T00:12:33.950Z,true,16.3,57.3,59.8,,true,true,true,1831,116,116,0,0,0,,2452.7,1040,151,136120
2026-08-27T00:12:48.939Z,true,16.7,110.8,42.4,,true,true,true,1447,159,159,0,0,0,,2499,1419,202,136132
2026-08-27T00:13:03.842Z,true,17.2,62.4,63,,true,true,true,4428,167,167,0,0,0,,2545.3,646,6509,136041
2026-08-27T00:13:18.933Z,true,93.9,120.9,149.8,90.5,true,true,true,19460,167,167,0,0,0,,2386.9,677,4804,136049
2026-08-27T00:13:33.860Z,true,17.4,46.2,47.8,,false,true,false,34461,167,167,0,0,0,,2349.1,1128,3496,136060
2026-08-27T00:13:49.755Z,true,546.1,682.4,556.6,,false,true,false,50250,167,167,0,0,0,,2374.4,1686,2376,136077
2026-08-27T00:14:06.752Z,true,33.6,67.6,68.7,,true,true,true,692,18,18,0,0,0,,2292,711,183,136086
2026-08-27T00:14:18.949Z,true,31.9,98.8,122.2,91.4,true,true,true,978,51,51,0,0,0,,2354.9,913,2097,136094
2026-08-27T00:14:33.928Z,true,15.9,45,45.5,,true,true,true,1321,85,85,0,0,0,,2265.2,1590,3003,136105
2026-08-27T00:14:48.897Z,true,19.5,60.2,65.1,,true,true,true,1602,122,122,0,0,0,,2449.3,797,1145,136118
2026-08-27T00:15:04.090Z,true,104.5,148.3,148.5,,true,true,true,5397,153,153,0,0,0,,2435.5,556,322,136136
2026-08-27T00:15:49.143Z,true,633.1,707.6,832.8,691.5,false,true,false,50233,154,154,0,0,0,,2387.6,538,690,136059
2026-08-27T00:15:52.777Z,true,470,495.8,496.5,,false,true,false,54035,154,154,0,0,0,,2362.7,682,212,136063
2026-08-27T00:16:07.210Z,true,18.9,53.8,57.2,,true,true,true,416,18,18,0,0,0,,2362.7,747,3401,136073
2026-08-27T00:16:22.684Z,true,668.3,702.4,714.6,,true,true,true,1980,55,55,0,0,0,,2404.6,1118,3075,136084
2026-08-27T00:16:37.157Z,true,65.1,142.6,154.6,123.2,true,true,true,1969,92,92,0,0,0,,2487.2,1013,3994,136096
2026-08-27T00:16:52.869Z,true,764.4,801.8,807.7,,true,true,true,1984,133,133,0,0,0,,2534.7,818,4053,136109
2026-08-27T00:17:07.313Z,true,19.2,57.4,58.4,,true,true,true,9171,151,151,0,0,0,,2428.9,506,808,136119
2026-08-27T00:17:23.027Z,true,555.6,589.7,597.3,,false,true,false,23498,156,156,0,0,0,,2406.7,618,250,136030
2026-08-27T00:17:37.814Z,true,418.1,486,505.1,475.5,false,true,false,38245,156,156,0,0,0,,2354.5,1071,4827,136040
2026-08-27T00:17:52.413Z,true,225.9,263.9,226.5,,false,true,false,52887,156,156,0,0,0,,2317.4,687,2764,136055
2026-08-27T00:18:07.180Z,true,24.3,68.8,70.5,,true,true,true,754,12,12,0,0,0,,2419,621,5199,136064
2026-08-27T00:18:23.054Z,true,791.6,832.6,833.5,,true,true,true,2020,51,51,0,0,0,,2347.6,1067,2868,136072
2026-08-27T00:18:37.193Z,true,40.2,98.4,119.5,96.2,true,true,true,363,92,92,0,0,0,,2456.2,846,6237,136083
2026-08-27T00:18:52.179Z,true,16,51.6,16.9,,true,true,true,1214,129,129,0,0,0,,2381.9,841,1594,136098
2026-08-27T00:19:07.146Z,true,17.6,49.5,51,,true,true,true,8001,153,153,0,0,0,,2439.4,662,1355,136109
2026-08-27T00:19:22.147Z,true,29.1,70.5,71.2,,true,true,true,8686,166,166,0,0,0,,2380.8,753,2737,136017
2026-08-27T00:19:37.409Z,true,30.5,92.7,125.8,87.4,false,true,false,23899,166,166,0,0,0,,2487.7,1259,3332,136029
2026-08-27T00:19:52.393Z,true,16.3,49.9,17.3,,false,true,false,38942,166,166,0,0,0,,2643.1,720,3584,136041
2026-08-27T00:20:07.771Z,true,603.4,650.3,649,,true,true,true,2958,5,5,0,0,0,,2388.5,698,4540,136051
2026-08-27T00:20:22.477Z,true,342.7,386.2,388.3,,true,true,true,1280,49,49,0,0,0,,2453.6,767,325,136062
2026-08-27T00:20:37.479Z,true,190,265.3,308.7,231.5,true,true,true,2033,86,86,0,0,0,,2433.1,1001,4032,136070
2026-08-27T00:20:52.329Z,true,20.4,49.5,51.4,,true,true,true,426,128,128,0,0,0,,2299.2,875,6187,136085
2026-08-27T00:21:07.268Z,true,29,135.6,134.5,,true,true,true,6165,152,152,0,0,0,,2360.8,633,3750,136097
2026-08-27T00:21:24.971Z,true,18.3,68.1,73.6,,true,true,true,8273,169,169,0,0,0,,2390.3,804,2436,136011
2026-08-27T00:21:38.928Z,true,265.8,338.1,339.4,335.6,false,true,false,22212,169,169,0,0,0,,2410.7,889,2680,136016
2026-08-27T00:21:53.653Z,true,63.5,94.8,64.7,,false,true,false,36977,169,169,0,0,0,,2343.4,942,129,136032
2026-08-27T00:22:08.689Z,true,16.7,51.3,57.3,,true,true,true,1472,5,5,0,0,0,,2490.6,499,202,136046
2026-08-27T00:22:24.181Z,true,21.7,58.3,59,,true,true,true,1164,49,49,0,0,0,,2378.9,933,2524,136057
2026-08-27T00:22:38.866Z,true,53.2,130.5,167.4,91.5,true,true,true,1843,86,86,0,0,0,,2435.5,1330,1200,136069
2026-08-27T00:22:54.197Z,true,99,136.5,99.7,,true,true,true,2672,124,124,0,0,0,,2611.3,859,3186,136077
2026-08-27T00:23:09.276Z,true,575,613.1,621.7,,true,true,true,6084,155,155,0,0,0,,2438.9,576,2855,136088
2026-08-27T00:23:23.897Z,true,17.8,62.8,63.4,,true,true,true,2457,174,174,0,0,0,,2420.1,762,157,136002
2026-08-27T00:23:39.384Z,true,168.1,230.6,242,223.2,true,true,true,17916,174,174,0,0,0,,2479.6,1105,419,136027
2026-08-27T00:23:53.803Z,true,17.4,46.3,46.7,,false,true,false,32378,174,174,0,0,0,,2659.3,1394,5392,136020
2026-08-27T00:24:09.168Z,true,382.7,420.5,421.3,,true,true,true,1648,5,5,0,0,0,,2449.3,608,2196,136032
2026-08-27T00:24:23.787Z,true,16.7,54.9,55.9,,true,true,true,2067,45,45,0,0,0,,2445.6,942,3474,136043
2026-08-27T00:24:50.121Z,true,467.4,559.3,542.2,540.1,true,true,true,1246,116,116,0,0,0,,2527,626,3096,136063
2026-08-27T00:24:57.536Z,true,19.1,60.7,23.2,,true,true,true,1963,133,133,0,0,0,,2452.8,560,231,136067
2026-08-27T00:25:12.627Z,true,20,59.6,61.9,,true,true,true,7790,158,158,0,0,0,,2430.7,563,202,136079
2026-08-27T00:25:27.738Z,true,18.1,59,69,,true,true,true,1715,185,185,0,0,0,,2497.3,728,1275,135989
2026-08-27T00:25:42.562Z,true,78,130,138.3,126.8,true,true,true,16531,185,185,0,0,0,,2464.5,1139,2114,135997
2026-08-27T00:25:57.878Z,true,181.9,448.1,393.5,,false,true,false,31635,185,185,0,0,0,,2563.3,457,1386,136007
2026-08-27T00:26:16.245Z,true,18.4,71,74.1,,true,true,true,2441,17,17,0,0,0,,2399.6,716,3461,136022
2026-08-27T00:26:29.459Z,true,16.1,766.6,770.9,,true,true,true,507,55,55,0,0,0,,2469.5,1095,156,136032
2026-08-27T00:26:43.797Z,true,29.6,89,99.7,78.1,true,true,true,1758,92,92,0,0,0,,2550.6,1328,425,136045
2026-08-27T00:26:58.670Z,true,17,51.8,19.7,,true,true,true,622,135,135,0,0,0,,2553.2,857,3168,136056
2026-08-27T00:27:13.993Z,true,378.6,412.9,419.1,,true,true,true,9344,152,152,0,0,0,,2481.2,625,698,136065
2026-08-27T00:27:29.101Z,true,530,582.3,557.7,,true,true,true,773,184,184,0,0,0,,2481.1,696,3430,136075
2026-08-27T00:27:43.919Z,true,88.4,142.9,166.8,137.9,true,true,true,11491,195,195,0,0,0,,2432.9,1084,698,135988
2026-08-27T00:27:59.236Z,true,474.9,525.5,496.2,,false,true,false,26833,195,195,0,0,0,,2386.3,989,3445,135999
2026-08-27T00:28:14.577Z,true,398.9,448,446.9,,true,true,true,669,11,11,0,0,0,,2495.6,748,263,136010
2026-08-27T00:28:28.982Z,true,395.4,420.6,421.2,,true,true,true,1449,48,48,0,0,0,,2521.4,1090,1342,136021
2026-08-27T00:28:43.984Z,true,310,388.1,399.5,370.5,true,true,true,768,90,90,0,0,0,,2629.4,720,1328,136035
2026-08-27T00:28:58.607Z,true,16.7,61.9,62.7,,true,true,true,1379,127,127,0,0,0,,2451.8,1252,1260,136045
2026-08-27T00:29:14.014Z,true,331,369.2,370,,true,true,true,8413,150,150,0,0,0,,2517.7,605,865,136056
2026-08-27T00:29:28.669Z,true,69.1,110.7,86.2,,true,true,true,1308,187,187,0,0,0,,2524,932,4035,136066
2026-08-27T00:29:44.249Z,true,591.2,673.6,684.7,651.4,true,true,true,7802,210,210,0,0,0,,2557.5,841,269,135982
2026-08-27T00:29:59.139Z,true,513.7,546.1,546.7,,false,true,false,22750,210,210,0,0,0,,2591.8,1388,123,135993
2026-08-27T00:30:14.802Z,true,359.7,398.1,402,,true,true,true,660,11,11,0,0,0,,2647.1,508,3145,136002
2026-08-27T00:30:29.077Z,true,370.1,403.7,402.7,,true,true,true,1415,48,48,0,0,0,,2404.2,926,1368,136015
2026-08-27T00:30:43.927Z,true,143.5,219.7,231.1,198.9,true,true,true,2952,84,84,0,0,0,,2502.1,816,1060,136030
